bpt6k683937f_4.jpg,1
bpt6k684110w_1.jpg,0
bpt6k683962k_3.jpg,0
bpt6k683942w_2.jpg,1
bpt6k6840567_1.jpg,2
bpt6k683903w_5.jpg,3
bpt6k683919h_2.jpg,0
bpt6k6840834_2.jpg,0
bpt6k684067z_2.jpg,0
bpt6k683955c_3.jpg,0
bpt6k683926q_1.jpg,3
bpt6k6840923_2.jpg,0
bpt6k6842276_2.jpg,1
bpt6k684196x_2.jpg,0
bpt6k6840054_2.jpg,0
bpt6k6842106_3.jpg,0
bpt6k683963z_2.jpg,1
bpt6k684190n_4.jpg,3
bpt6k6839048_2.jpg,0
bpt6k684072d_2.jpg,0
bpt6k684228k_2.jpg,2
bpt6k684229z_2.jpg,3
bpt6k684034s_3.jpg,0
bpt6k6839438_1.jpg,4
bpt6k6839697_1.jpg,4
bpt6k683953m_4.jpg,1
bpt6k6839663_2.jpg,1
bpt6k6840656_1.jpg,4
bpt6k684198p_4.jpg,1
bpt6k6841691_3.jpg,0
bpt6k683980h_2.jpg,0
bpt6k6841199_2.jpg,0
bpt6k6839485_2.jpg,0
bpt6k684040m_2.jpg,1
bpt6k6840533_1.jpg,3
bpt6k6841691_2.jpg,2
bpt6k684223p_4.jpg,2
bpt6k683990v_5.jpg,0
bpt6k6842318_2.jpg,1
bpt6k684207h_2.jpg,2
bpt6k684159p_1.jpg,6
bpt6k684100j_1.jpg,1
bpt6k684163r_1.jpg,4
bpt6k684179c_1.jpg,5
bpt6k684004r_2.jpg,1
bpt6k683917r_4.jpg,0
bpt6k683997h_4.jpg,1
bpt6k6841508_1.jpg,0
bpt6k6840923_1.jpg,0
bpt6k6841521_1.jpg,0
bpt6k684039p_3.jpg,0
bpt6k684187z_1.jpg,5
bpt6k684001m_1.jpg,4
bpt6k683971j_3.jpg,0
bpt6k683979k_4.jpg,0
bpt6k684037x_5.jpg,0
bpt6k684010k_1.jpg,5
bpt6k6839014_2.jpg,1
bpt6k6839349_2.jpg,0
bpt6k684127w_2.jpg,0
bpt6k6839349_3.jpg,1
bpt6k683941h_2.jpg,1
bpt6k683923k_6.jpg,2
bpt6k684193s_4.jpg,2
bpt6k684016v_1.jpg,3
bpt6k6840232_1.jpg,5
bpt6k683997h_2.jpg,0
bpt6k684084h_2.jpg,0
bpt6k684172q_2.jpg,4
bpt6k6839315_3.jpg,2
bpt6k684205r_4.jpg,2
bpt6k684093g_2.jpg,0
bpt6k684212z_3.jpg,0
bpt6k683920f_2.jpg,0
bpt6k6840020_3.jpg,0
bpt6k684039p_2.jpg,2
bpt6k684020x_3.jpg,1
bpt6k683905n_2.jpg,0
bpt6k6839527_3.jpg,2
bpt6k683951v_2.jpg,1
bpt6k683928g_3.jpg,0
bpt6k6840088_4.jpg,3
bpt6k684160m_1.jpg,4
bpt6k683930s_2.jpg,3
bpt6k6840868_1.jpg,0
bpt6k684181p_4.jpg,2
bpt6k683955c_1.jpg,4
bpt6k6841856_3.jpg,0
bpt6k683908s_6.jpg,1
bpt6k6842331_4.jpg,4
bpt6k683990v_2.jpg,1
bpt6k684004r_6.jpg,0
bpt6k684171b_2.jpg,1
bpt6k6841644_2.jpg,2
bpt6k683950g_3.jpg,0
bpt6k6841767_4.jpg,1
bpt6k684211k_1.jpg,5
bpt6k6839786_4.jpg,3
bpt6k684149b_2.jpg,0
bpt6k684012b_4.jpg,2
bpt6k683941h_3.jpg,0
bpt6k684115s_2.jpg,0
bpt6k684029b_3.jpg,1
bpt6k6839697_5.jpg,2
bpt6k684098c_1.jpg,1
bpt6k684055v_2.jpg,0
bpt6k684214q_2.jpg,3
bpt6k683902h_3.jpg,0
bpt6k684207h_4.jpg,2
bpt6k6839875_4.jpg,3
bpt6k6840177_1.jpg,4
bpt6k684217v_3.jpg,0
bpt6k683976f_1.jpg,3
bpt6k683905n_4.jpg,1
bpt6k683930s_3.jpg,1
bpt6k684187z_4.jpg,5
bpt6k6839998_4.jpg,7
bpt6k684232n_1.jpg,5
bpt6k683990v_4.jpg,0
bpt6k684090b_2.jpg,0
bpt6k6841678_3.jpg,1
bpt6k684204c_4.jpg,3
bpt6k684011z_4.jpg,0
bpt6k6839917_2.jpg,0
bpt6k6840266_1.jpg,4
bpt6k683992m_1.jpg,5
bpt6k6842187_4.jpg,3
bpt6k6840656_2.jpg,0
bpt6k684009n_5.jpg,0
bpt6k683988j_2.jpg,0
bpt6k6841945_4.jpg,3
bpt6k684216g_3.jpg,0
bpt6k6840054_3.jpg,0
bpt6k683989x_2.jpg,1
bpt6k6839137_2.jpg,0
bpt6k6842331_3.jpg,3
bpt6k684027k_1.jpg,3
bpt6k684174g_2.jpg,2
bpt6k6842106_4.jpg,8
bpt6k6839697_2.jpg,1
bpt6k6839841_3.jpg,3
bpt6k683995r_4.jpg,1
bpt6k6839930_1.jpg,4
bpt6k683998w_4.jpg,1
bpt6k684168n_3.jpg,0
bpt6k684153d_4.jpg,2
bpt6k683963z_1.jpg,4
bpt6k683950g_1.jpg,5
bpt6k684207h_1.jpg,7
bpt6k683949j_3.jpg,0
bpt6k6840321_1.jpg,4
bpt6k684124r_2.jpg,0
bpt6k6839315_4.jpg,0
bpt6k6841733_3.jpg,0
bpt6k684144f_2.jpg,0
bpt6k683988j_6.jpg,0
bpt6k6842017_4.jpg,3
bpt6k684223p_3.jpg,0
bpt6k6842153_1.jpg,10
bpt6k684012b_3.jpg,1
bpt6k6841822_4.jpg,3
bpt6k683900r_1.jpg,5
bpt6k683986s_4.jpg,3
bpt6k6839451_4.jpg,2
bpt6k683938t_3.jpg,1
bpt6k6840389_2.jpg,1
bpt6k6840881_1.jpg,0
bpt6k6839404_2.jpg,0
bpt6k683951v_4.jpg,1
bpt6k6840088_3.jpg,0
bpt6k683953m_3.jpg,0
bpt6k684069q_1.jpg,0
bpt6k6841979_2.jpg,1
bpt6k684063f_2.jpg,0
bpt6k684184t_1.jpg,7
bpt6k6842229_4.jpg,3
bpt6k684228k_1.jpg,4
bpt6k684190n_2.jpg,7
bpt6k6839150_2.jpg,0
bpt6k683958h_3.jpg,0
bpt6k684228k_3.jpg,1
bpt6k6839828_2.jpg,0
bpt6k683968v_2.jpg,1
bpt6k683955c_5.jpg,0
bpt6k6842017_1.jpg,8
bpt6k683960t_4.jpg,2
bpt6k684011z_5.jpg,5
bpt6k684112n_2.jpg,0
bpt6k684168n_2.jpg,3
bpt6k6841131_1.jpg,0
bpt6k6841911_4.jpg,2
bpt6k6839739_2.jpg,0
bpt6k684064t_2.jpg,0
bpt6k683998w_3.jpg,0
bpt6k683962k_6.jpg,0
bpt6k683907d_2.jpg,0
bpt6k6839014_1.jpg,6
bpt6k684094v_2.jpg,0
bpt6k683900r_2.jpg,0
bpt6k684157x_1.jpg,6
bpt6k684067z_1.jpg,2
bpt6k683986s_3.jpg,2
bpt6k6839705_1.jpg,2
bpt6k6839739_3.jpg,0
bpt6k684196x_3.jpg,0
bpt6k683911g_1.jpg,3
bpt6k684015g_1.jpg,4
bpt6k683947s_5.jpg,1
bpt6k684170z_4.jpg,1
bpt6k683925b_3.jpg,0
bpt6k684024f_4.jpg,2
bpt6k683923k_1.jpg,4
bpt6k6840609_3.jpg,0
bpt6k683963z_3.jpg,2
bpt6k684179c_4.jpg,2
bpt6k6840143_2.jpg,0
bpt6k683921t_1.jpg,4
bpt6k683908s_4.jpg,1
bpt6k683933x_1.jpg,7
bpt6k6840232_2.jpg,0
bpt6k6840410_1.jpg,1
bpt6k684163r_4.jpg,1
bpt6k684165h_3.jpg,0
bpt6k6839150_4.jpg,1
bpt6k683972x_6.jpg,1
bpt6k6840355_2.jpg,0
bpt6k684057m_3.jpg,0
bpt6k6841131_2.jpg,0
bpt6k6840389_3.jpg,0
bpt6k684189q_2.jpg,4
bpt6k684084h_1.jpg,0
bpt6k683905n_1.jpg,3
bpt6k683981w_3.jpg,5
bpt6k684063f_1.jpg,1
bpt6k683944n_2.jpg,2
bpt6k684213b_2.jpg,2
bpt6k6839184_3.jpg,1
bpt6k6842229_3.jpg,1
bpt6k683953m_2.jpg,0
bpt6k684208w_3.jpg,0
bpt6k684039p_4.jpg,0
bpt6k684068b_2.jpg,0
bpt6k6842331_2.jpg,2
bpt6k683923k_3.jpg,4
bpt6k684011z_6.jpg,0
bpt6k684168n_1.jpg,6
bpt6k684042c_3.jpg,1
bpt6k683990v_6.jpg,0
bpt6k6839998_1.jpg,4
bpt6k6839841_2.jpg,0
bpt6k683985d_3.jpg,3
bpt6k683930s_6.jpg,1
bpt6k6840779_2.jpg,0
bpt6k6839930_2.jpg,0
bpt6k684078p_2.jpg,0
bpt6k6839616_3.jpg,5
bpt6k6842318_3.jpg,0
bpt6k683979k_3.jpg,0
bpt6k6839095_3.jpg,2
bpt6k6840308_2.jpg,4
bpt6k6841589_1.jpg,3
bpt6k6840410_2.jpg,0
bpt6k684031n_1.jpg,4
bpt6k6839527_2.jpg,0
bpt6k6839014_4.jpg,1
bpt6k684177m_2.jpg,6
bpt6k683908s_3.jpg,3
bpt6k684027k_4.jpg,4
bpt6k684025t_3.jpg,0
bpt6k683928g_2.jpg,0
bpt6k683997h_6.jpg,5
bpt6k684177m_4.jpg,2
bpt6k683994c_2.jpg,1
bpt6k684226t_4.jpg,2
bpt6k684226t_2.jpg,2
bpt6k684193s_2.jpg,1
bpt6k683947s_6.jpg,0
bpt6k684140x_2.jpg,0
bpt6k684174g_1.jpg,6
bpt6k684033d_2.jpg,1
bpt6k684082r_1.jpg,0
bpt6k684037x_3.jpg,0
bpt6k683977t_2.jpg,1
bpt6k684220j_2.jpg,3
bpt6k684220j_4.jpg,1
bpt6k6841780_1.jpg,6
bpt6k6839103_2.jpg,0
bpt6k6840020_1.jpg,3
bpt6k6839875_1.jpg,5
bpt6k683935p_5.jpg,1
bpt6k683929v_1.jpg,4
bpt6k6841042_2.jpg,0
bpt6k683929v_3.jpg,0
bpt6k683953m_1.jpg,6
bpt6k6840007_2.jpg,1
bpt6k6840711_2.jpg,0
bpt6k684198p_3.jpg,0
bpt6k6839930_5.jpg,1
bpt6k6839061_1.jpg,4
bpt6k683935p_4.jpg,7
bpt6k683959w_3.jpg,1
bpt6k684022p_4.jpg,1
bpt6k683956r_1.jpg,5
bpt6k6839362_4.jpg,4
bpt6k6841780_4.jpg,2
bpt6k684211k_4.jpg,1
bpt6k6839786_2.jpg,0
bpt6k6840792_1.jpg,0
bpt6k683935p_1.jpg,4
bpt6k684117j_1.jpg,0
bpt6k684029b_4.jpg,2
bpt6k684037x_1.jpg,2
bpt6k683981w_1.jpg,3
bpt6k6842030_2.jpg,3
bpt6k683951v_1.jpg,4
bpt6k683902h_2.jpg,0
bpt6k6840219_1.jpg,5
bpt6k684170z_3.jpg,0
bpt6k684004r_3.jpg,0
bpt6k684186k_4.jpg,3
bpt6k6839616_2.jpg,1
bpt6k6839697_3.jpg,1
bpt6k684212z_1.jpg,4
bpt6k684177m_1.jpg,4
bpt6k684225f_3.jpg,0
bpt6k6839930_4.jpg,1
bpt6k6839273_1.jpg,3
bpt6k684036j_4.jpg,2
bpt6k684213b_4.jpg,1
bpt6k683942w_3.jpg,1
bpt6k683923k_2.jpg,0
bpt6k683907d_3.jpg,0
bpt6k684142p_2.jpg,0
bpt6k683923k_4.jpg,3
bpt6k684124r_1.jpg,0
bpt6k683977t_1.jpg,3
bpt6k683995r_2.jpg,0
bpt6k6839705_4.jpg,0
bpt6k6839917_3.jpg,0
bpt6k684216g_2.jpg,3
bpt6k684096m_1.jpg,1
bpt6k6839349_4.jpg,0
bpt6k683976f_4.jpg,3
bpt6k683900r_3.jpg,1
bpt6k683983n_2.jpg,1
bpt6k684059c_2.jpg,0
bpt6k6839930_3.jpg,0
bpt6k6840177_3.jpg,1
bpt6k6841288_1.jpg,0
bpt6k6839574_3.jpg,0
bpt6k683979k_2.jpg,0
bpt6k684034s_1.jpg,1
bpt6k684009n_6.jpg,0
bpt6k683932j_3.jpg,0
bpt6k684015g_4.jpg,3
bpt6k684138m_1.jpg,0
bpt6k683980h_1.jpg,7
bpt6k683921t_3.jpg,1
bpt6k6839705_2.jpg,1
bpt6k683937f_2.jpg,2
bpt6k6839739_1.jpg,4
bpt6k684045h_2.jpg,1
bpt6k6841979_1.jpg,5
bpt6k684003c_4.jpg,0
bpt6k684108k_2.jpg,0
bpt6k683919h_4.jpg,1
bpt6k6840321_5.jpg,2
bpt6k684202m_4.jpg,2
bpt6k684078p_1.jpg,0
bpt6k6840957_2.jpg,0
bpt6k684009n_4.jpg,3
bpt6k683919h_1.jpg,2
bpt6k684007w_2.jpg,0
bpt6k684011z_2.jpg,1
bpt6k6839404_1.jpg,5
bpt6k683926q_6.jpg,0
bpt6k6841220_2.jpg,0
bpt6k684072d_1.jpg,0
bpt6k683998w_2.jpg,1
bpt6k684202m_1.jpg,6
bpt6k6841029_2.jpg,0
bpt6k683994c_3.jpg,0
bpt6k6841508_2.jpg,0
bpt6k684184t_2.jpg,2
bpt6k684121m_2.jpg,0
bpt6k684006h_2.jpg,1
bpt6k6841733_1.jpg,6
bpt6k6841992_1.jpg,12
bpt6k6840609_4.jpg,0
bpt6k683937f_1.jpg,3
bpt6k684165h_1.jpg,4
bpt6k684037x_4.jpg,0
bpt6k6841589_3.jpg,0
bpt6k6839616_4.jpg,0
bpt6k683965q_5.jpg,1
bpt6k684192d_1.jpg,4
bpt6k684103p_1.jpg,0
bpt6k683960t_2.jpg,1
bpt6k684186k_2.jpg,2
bpt6k684042c_2.jpg,0
bpt6k683925b_1.jpg,4
bpt6k683944n_3.jpg,0
bpt6k6839404_4.jpg,2
bpt6k684069q_2.jpg,0
bpt6k684101x_2.jpg,0
bpt6k684171b_4.jpg,2
bpt6k684057m_4.jpg,1
bpt6k684018m_1.jpg,4
bpt6k6841610_1.jpg,5
bpt6k683955c_4.jpg,2
bpt6k6839137_3.jpg,0
bpt6k6839103_1.jpg,6
bpt6k683964b_3.jpg,1
bpt6k6839137_1.jpg,6
bpt6k684015g_3.jpg,0
bpt6k683930s_4.jpg,4
bpt6k683989x_4.jpg,0
bpt6k684089d_2.jpg,0
bpt6k6840970_2.jpg,0
bpt6k683983n_1.jpg,5
bpt6k684009n_2.jpg,0
bpt6k684081c_2.jpg,0
bpt6k683968v_3.jpg,1
bpt6k684042c_4.jpg,1
bpt6k6841343_1.jpg,0
bpt6k684028z_3.jpg,0
bpt6k683926q_2.jpg,0
bpt6k684001m_4.jpg,1
bpt6k6842242_4.jpg,1
bpt6k684192d_2.jpg,2
bpt6k683924z_1.jpg,4
bpt6k6839917_4.jpg,0
bpt6k684221x_2.jpg,1
bpt6k684226t_3.jpg,0
bpt6k6841432_2.jpg,0
bpt6k684219m_2.jpg,2
bpt6k683921t_2.jpg,0
bpt6k684073s_2.jpg,0
bpt6k684130k_2.jpg,0
bpt6k683960t_6.jpg,0
bpt6k6839396_1.jpg,5
bpt6k6841691_1.jpg,4
bpt6k684204c_2.jpg,1
bpt6k6839540_3.jpg,0
bpt6k6839841_4.jpg,0
bpt6k684132b_2.jpg,0
bpt6k683914m_2.jpg,1
bpt6k6842229_2.jpg,2
bpt6k684091q_1.jpg,0
bpt6k683959w_1.jpg,4
bpt6k683955c_6.jpg,4
bpt6k683928g_1.jpg,6
bpt6k6839396_4.jpg,2
bpt6k683902h_4.jpg,1
bpt6k6839137_4.jpg,1
bpt6k6839752_4.jpg,2
bpt6k684109z_2.jpg,0
bpt6k6841945_1.jpg,6
bpt6k6841856_1.jpg,6
bpt6k683905n_3.jpg,4
bpt6k684179c_2.jpg,1
bpt6k6840745_2.jpg,0
bpt6k6839226_4.jpg,2
bpt6k684151n_2.jpg,0
bpt6k683951v_6.jpg,2
bpt6k6841767_2.jpg,2
bpt6k6841678_1.jpg,3
bpt6k6840232_3.jpg,0
bpt6k6839315_1.jpg,2
bpt6k683968v_4.jpg,5
bpt6k684040m_4.jpg,3
bpt6k6841220_1.jpg,1
bpt6k6841733_4.jpg,1
bpt6k683963z_4.jpg,3
bpt6k684028z_4.jpg,3
bpt6k683949j_1.jpg,4
bpt6k6840609_2.jpg,1
bpt6k6840177_2.jpg,1
bpt6k684211k_2.jpg,1
bpt6k6840266_2.jpg,4
bpt6k684174g_4.jpg,1
bpt6k6841555_1.jpg,6
bpt6k683992m_3.jpg,0
bpt6k6840533_3.jpg,0
bpt6k683990v_3.jpg,0
bpt6k6839150_1.jpg,3
bpt6k683902h_6.jpg,0
bpt6k6841945_2.jpg,4
bpt6k684165h_4.jpg,1
bpt6k684225f_2.jpg,5
bpt6k684126h_1.jpg,0
bpt6k684006h_1.jpg,4
bpt6k6840143_1.jpg,5
bpt6k684204c_3.jpg,0
bpt6k684018m_3.jpg,0
bpt6k6841118_2.jpg,0
bpt6k683960t_5.jpg,0
bpt6k684106t_2.jpg,0
bpt6k6842098_2.jpg,2
bpt6k684018m_5.jpg,0
bpt6k684076x_2.jpg,0
bpt6k683972x_3.jpg,2
bpt6k684160m_2.jpg,4
bpt6k684131z_2.jpg,0
bpt6k684048n_1.jpg,0
bpt6k6841589_4.jpg,1
bpt6k684076x_1.jpg,0
bpt6k6839930_6.jpg,3
bpt6k683919h_5.jpg,2
bpt6k684230w_3.jpg,3
bpt6k683986s_1.jpg,4
bpt6k684163r_2.jpg,2
bpt6k6841979_4.jpg,2
bpt6k684135g_1.jpg,0
bpt6k684089d_1.jpg,0
bpt6k6839273_2.jpg,2
bpt6k684183f_2.jpg,1
bpt6k684025t_4.jpg,0
bpt6k6840622_1.jpg,0
bpt6k6841254_1.jpg,0
bpt6k6840177_4.jpg,0
bpt6k684186k_3.jpg,0
bpt6k683974p_2.jpg,1
bpt6k683967g_1.jpg,6
bpt6k6840567_2.jpg,0
bpt6k6840190_4.jpg,2
bpt6k684034s_2.jpg,1
bpt6k684171b_1.jpg,4
bpt6k683907d_1.jpg,5
bpt6k683937f_3.jpg,0
bpt6k683949j_2.jpg,0
bpt6k683981w_2.jpg,2
bpt6k6839917_1.jpg,4
bpt6k684045h_4.jpg,0
bpt6k683964b_4.jpg,1
bpt6k684200v_3.jpg,0
bpt6k6841856_4.jpg,3
bpt6k684204c_1.jpg,5
bpt6k6841377_2.jpg,0
bpt6k683903w_2.jpg,0
bpt6k683960t_3.jpg,1
bpt6k6839103_5.jpg,6
bpt6k684048n_3.jpg,0
bpt6k683928g_4.jpg,5
bpt6k684007w_4.jpg,0
bpt6k6840054_4.jpg,0
bpt6k683972x_1.jpg,3
bpt6k684012b_2.jpg,1
bpt6k683932j_4.jpg,0
bpt6k6840444_1.jpg,2
bpt6k6841822_2.jpg,2
bpt6k684219m_4.jpg,2
bpt6k684163r_3.jpg,0
bpt6k683967g_4.jpg,0
bpt6k684145t_2.jpg,0
bpt6k6840007_1.jpg,1
bpt6k6842030_4.jpg,4
bpt6k684087n_2.jpg,0
bpt6k683938t_2.jpg,1
bpt6k683986s_2.jpg,0
bpt6k684073s_1.jpg,0
bpt6k684159p_2.jpg,1
bpt6k684127w_1.jpg,0
bpt6k6839150_3.jpg,0
bpt6k683960t_1.jpg,5
bpt6k6841733_2.jpg,2
bpt6k683976f_2.jpg,2
bpt6k684213b_3.jpg,0
bpt6k6841377_1.jpg,0
bpt6k684154s_3.jpg,0
bpt6k683959w_2.jpg,1
bpt6k684009n_3.jpg,0
bpt6k684175v_3.jpg,0
bpt6k6842187_3.jpg,0
bpt6k6841555_4.jpg,2
bpt6k6841390_1.jpg,0
bpt6k6839048_1.jpg,7
bpt6k6839095_1.jpg,5
bpt6k684009n_1.jpg,5
bpt6k684177m_3.jpg,2
bpt6k6839616_1.jpg,5
bpt6k684216g_4.jpg,2
bpt6k6841118_1.jpg,0
bpt6k684011z_3.jpg,0
bpt6k684166w_4.jpg,3
bpt6k684162c_4.jpg,1
bpt6k6840355_1.jpg,2
bpt6k683962k_4.jpg,0
bpt6k683942w_1.jpg,5
bpt6k6839841_1.jpg,4
bpt6k6839103_6.jpg,1
bpt6k684232n_4.jpg,2
bpt6k6841254_2.jpg,0
bpt6k6840444_4.jpg,0
bpt6k6840957_1.jpg,0
bpt6k6841199_1.jpg,1
bpt6k6840792_2.jpg,0
bpt6k683968v_1.jpg,4
bpt6k684149b_1.jpg,0
bpt6k684154s_4.jpg,3
bpt6k683903w_4.jpg,0
bpt6k684001m_2.jpg,0
bpt6k684003c_3.jpg,1
bpt6k6840088_1.jpg,5
bpt6k684101x_1.jpg,0
bpt6k684159p_3.jpg,0
bpt6k6841822_1.jpg,6
bpt6k6842030_3.jpg,0
bpt6k683916c_5.jpg,3
bpt6k684235s_4.jpg,2
bpt6k6841945_3.jpg,0
bpt6k684166w_1.jpg,6
bpt6k6841992_4.jpg,1
bpt6k684013q_4.jpg,1
bpt6k684193s_1.jpg,8
bpt6k6842242_3.jpg,0
bpt6k684075j_2.jpg,0
bpt6k684046w_1.jpg,1
bpt6k6839061_3.jpg,2
bpt6k683976f_5.jpg,4
bpt6k684050z_1.jpg,3
bpt6k683972x_5.jpg,0
bpt6k6839184_4.jpg,2
bpt6k683983n_3.jpg,0
bpt6k683912v_2.jpg,0
bpt6k684196x_1.jpg,5
bpt6k6841288_2.jpg,0
bpt6k684025t_2.jpg,2
bpt6k684166w_3.jpg,0
bpt6k6840219_2.jpg,1
bpt6k683902h_5.jpg,4
bpt6k684001m_3.jpg,0
bpt6k6839527_4.jpg,3
bpt6k6842331_1.jpg,7
bpt6k684212z_2.jpg,3
bpt6k6839362_1.jpg,4
bpt6k684183f_4.jpg,2
bpt6k6841610_4.jpg,4
bpt6k6841466_1.jpg,0
bpt6k684132b_1.jpg,1
bpt6k683921t_4.jpg,1
bpt6k683907d_4.jpg,4
bpt6k6840190_2.jpg,3
bpt6k683932j_2.jpg,0
bpt6k684108k_1.jpg,0
bpt6k684066k_2.jpg,0
bpt6k683988j_5.jpg,0
bpt6k6841644_3.jpg,0
bpt6k6840232_4.jpg,1
bpt6k684022p_3.jpg,0
bpt6k684188b_3.jpg,0
bpt6k6841767_1.jpg,6
bpt6k684061p_1.jpg,0
bpt6k684219m_3.jpg,0
bpt6k684184t_4.jpg,1
bpt6k6840355_3.jpg,0
bpt6k6840321_4.jpg,0
bpt6k6841076_1.jpg,0
bpt6k683900r_4.jpg,5
bpt6k683926q_3.jpg,1
bpt6k684037x_6.jpg,1
bpt6k684131z_1.jpg,0
bpt6k684114d_1.jpg,0
bpt6k684105f_2.jpg,0
bpt6k684165h_2.jpg,3
bpt6k683951v_3.jpg,0
bpt6k6839226_3.jpg,0
bpt6k684003c_1.jpg,3
bpt6k684196x_4.jpg,4
bpt6k6842017_2.jpg,4
bpt6k683989x_1.jpg,4
bpt6k683964b_2.jpg,0
bpt6k6839485_3.jpg,0
bpt6k684189q_4.jpg,2
bpt6k684189q_1.jpg,7
bpt6k6839048_3.jpg,0
bpt6k683985d_2.jpg,3
bpt6k683956r_2.jpg,2
bpt6k683902h_1.jpg,3
bpt6k6840580_1.jpg,2
bpt6k684157x_2.jpg,2
bpt6k684183f_3.jpg,1
bpt6k6841678_4.jpg,2
bpt6k683974p_3.jpg,1
bpt6k684028z_6.jpg,2
bpt6k684226t_1.jpg,3
bpt6k6839875_2.jpg,0
bpt6k683980h_4.jpg,0
bpt6k6841589_2.jpg,1
bpt6k6841992_2.jpg,2
bpt6k684229z_4.jpg,5
bpt6k684100j_2.jpg,0
bpt6k6840143_4.jpg,3
bpt6k684160m_3.jpg,0
bpt6k6842276_1.jpg,8
bpt6k684188b_1.jpg,6
bpt6k683965q_4.jpg,1
bpt6k6842064_4.jpg,1
bpt6k683976f_6.jpg,0
bpt6k6841911_3.jpg,0
bpt6k684123c_1.jpg,0
bpt6k684170z_1.jpg,7
bpt6k6839349_1.jpg,5
bpt6k684070n_2.jpg,0
bpt6k683967g_3.jpg,2
bpt6k6839451_1.jpg,4
bpt6k683944n_1.jpg,5
bpt6k6841678_2.jpg,3
bpt6k683946d_2.jpg,0
bpt6k683925b_2.jpg,0
bpt6k6839786_1.jpg,6
bpt6k6840355_4.jpg,0
bpt6k683914m_3.jpg,3
bpt6k683920f_4.jpg,1
bpt6k683938t_5.jpg,1
bpt6k6842098_1.jpg,6
bpt6k683916c_2.jpg,1
bpt6k684160m_4.jpg,2
bpt6k6840020_2.jpg,0
bpt6k683985d_1.jpg,4
bpt6k684187z_2.jpg,1
bpt6k684043r_2.jpg,2
bpt6k683941h_4.jpg,2
bpt6k684217v_2.jpg,1
bpt6k6840881_2.jpg,0
bpt6k683974p_4.jpg,1
bpt6k6839061_4.jpg,2
bpt6k684221x_4.jpg,2
bpt6k6841822_3.jpg,0
bpt6k684156j_4.jpg,3
bpt6k6839014_3.jpg,2
bpt6k6840321_6.jpg,0
bpt6k6839752_3.jpg,6
bpt6k683924z_3.jpg,5
bpt6k6840970_1.jpg,0
bpt6k6839527_1.jpg,4
bpt6k6840491_2.jpg,2
bpt6k684133q_2.jpg,0
bpt6k6841979_3.jpg,0
bpt6k683932j_1.jpg,5
bpt6k684085w_1.jpg,0
bpt6k684195j_2.jpg,0
bpt6k684225f_4.jpg,2
bpt6k683924z_2.jpg,1
bpt6k6840800_2.jpg,0
bpt6k684153d_2.jpg,1
bpt6k683926q_5.jpg,3
bpt6k6839705_3.jpg,0
bpt6k6840609_1.jpg,1
bpt6k684130k_1.jpg,0
bpt6k683995r_1.jpg,6
bpt6k6842098_3.jpg,0
bpt6k684022p_2.jpg,2
bpt6k684022p_1.jpg,5
bpt6k684223p_2.jpg,3
bpt6k6839663_1.jpg,5
bpt6k684013q_2.jpg,0
bpt6k683941h_1.jpg,3
bpt6k683938t_1.jpg,4
bpt6k684004r_5.jpg,0
bpt6k683983n_6.jpg,0
bpt6k684075j_1.jpg,0
bpt6k684016v_3.jpg,0
bpt6k6840580_2.jpg,0
bpt6k683958h_4.jpg,1
bpt6k683938t_4.jpg,2
bpt6k684129n_1.jpg,0
bpt6k683965q_3.jpg,1
bpt6k684232n_2.jpg,4
bpt6k684066k_1.jpg,0
bpt6k684033d_3.jpg,1
bpt6k684117j_2.jpg,0
bpt6k6841521_2.jpg,0
bpt6k684187z_3.jpg,0
bpt6k684033d_4.jpg,2
bpt6k683930s_1.jpg,4
bpt6k6839752_2.jpg,0
bpt6k684099r_2.jpg,0
bpt6k684153d_3.jpg,1
bpt6k684031n_3.jpg,0
bpt6k684212z_4.jpg,1
bpt6k684046w_2.jpg,0
bpt6k684054g_2.jpg,0
bpt6k684154s_2.jpg,1
bpt6k684048n_4.jpg,2
bpt6k683919h_6.jpg,0
bpt6k6839226_2.jpg,2
bpt6k684135g_2.jpg,0
bpt6k6841419_2.jpg,0
bpt6k684029b_2.jpg,0
bpt6k683972x_4.jpg,4
bpt6k683962k_5.jpg,1
bpt6k684138m_2.jpg,0
bpt6k683997h_3.jpg,1
bpt6k684214q_3.jpg,1
bpt6k6839697_6.jpg,0
bpt6k684059c_1.jpg,0
bpt6k6841856_2.jpg,0
bpt6k6841207_2.jpg,0
bpt6k6840389_1.jpg,1
bpt6k6839540_2.jpg,0
bpt6k6841610_2.jpg,1
bpt6k6841809_1.jpg,7
bpt6k6841809_4.jpg,2
bpt6k6839998_3.jpg,0
bpt6k684156j_3.jpg,0
bpt6k683947s_2.jpg,0
bpt6k684052q_1.jpg,1
bpt6k683958h_2.jpg,0
bpt6k684202m_2.jpg,6
bpt6k684106t_1.jpg,0
bpt6k684133q_1.jpg,0
bpt6k684217v_1.jpg,5
bpt6k6840444_3.jpg,0
bpt6k6839438_2.jpg,0
bpt6k684043r_1.jpg,2
bpt6k6840190_1.jpg,5
bpt6k684103p_2.jpg,0
bpt6k684229z_3.jpg,0
bpt6k684029b_1.jpg,4
bpt6k683924z_4.jpg,0
bpt6k684213b_1.jpg,5
bpt6k6842153_2.jpg,1
bpt6k684013q_3.jpg,0
bpt6k684054g_1.jpg,0
bpt6k6840834_1.jpg,0
bpt6k684166w_2.jpg,0
bpt6k683962k_1.jpg,6
bpt6k684057m_2.jpg,0
bpt6k6839184_2.jpg,1
bpt6k683914m_4.jpg,1
bpt6k683914m_1.jpg,6
bpt6k683903w_1.jpg,3
bpt6k6840143_5.jpg,2
bpt6k683950g_4.jpg,0
bpt6k6839273_4.jpg,2
bpt6k684183f_1.jpg,6
bpt6k684230w_6.jpg,4
bpt6k684036j_2.jpg,3
bpt6k683946d_1.jpg,4
bpt6k684110w_2.jpg,0
bpt6k684184t_3.jpg,1
bpt6k6842106_1.jpg,6
bpt6k6839226_1.jpg,4
bpt6k683933x_4.jpg,3
bpt6k6842318_1.jpg,6
bpt6k684007w_3.jpg,1
bpt6k684156j_1.jpg,5
bpt6k683929v_4.jpg,1
bpt6k684234d_2.jpg,2
bpt6k684230w_4.jpg,7
bpt6k6840444_2.jpg,1
bpt6k683908s_2.jpg,0
bpt6k684051b_1.jpg,2
bpt6k6839451_2.jpg,0
bpt6k683935p_2.jpg,1
bpt6k6839095_2.jpg,0
bpt6k684018m_2.jpg,2
bpt6k684174g_3.jpg,0
bpt6k684189q_3.jpg,0
bpt6k6840800_1.jpg,0
bpt6k684033d_1.jpg,2
bpt6k684157x_3.jpg,0
bpt6k683979k_1.jpg,3
bpt6k684040m_1.jpg,3
bpt6k684147k_2.jpg,0
bpt6k6839697_4.jpg,0
bpt6k6839103_4.jpg,0
bpt6k684232n_3.jpg,0
bpt6k6839273_3.jpg,1
bpt6k684217v_4.jpg,3
bpt6k684018m_6.jpg,0
bpt6k684168n_4.jpg,2
bpt6k6839574_2.jpg,2
bpt6k6840007_4.jpg,3
bpt6k684016v_4.jpg,3
bpt6k683912v_1.jpg,4
bpt6k6840622_2.jpg,1
bpt6k684042c_1.jpg,1
bpt6k684004r_1.jpg,2
bpt6k683951v_5.jpg,3
bpt6k684234d_3.jpg,0
bpt6k6841809_2.jpg,2
bpt6k684154s_1.jpg,4
bpt6k684118x_1.jpg,0
bpt6k684129n_2.jpg,0
bpt6k6840143_3.jpg,0
bpt6k684214q_4.jpg,1
bpt6k684205r_3.jpg,0
bpt6k683935p_6.jpg,0
bpt6k6839315_2.jpg,1
bpt6k6839095_4.jpg,0
bpt6k683964b_1.jpg,3
bpt6k684186k_1.jpg,3
bpt6k684082r_2.jpg,0
bpt6k683933x_3.jpg,1
bpt6k6842276_4.jpg,2
bpt6k683983n_4.jpg,0
bpt6k684205r_1.jpg,9
bpt6k684144f_1.jpg,0
bpt6k684070n_1.jpg,0
bpt6k6842064_2.jpg,3
bpt6k683938t_6.jpg,0
bpt6k684020x_1.jpg,6
bpt6k684090b_1.jpg,0
bpt6k683917r_1.jpg,4
bpt6k683988j_1.jpg,3
bpt6k683981w_4.jpg,0
bpt6k683950g_2.jpg,1
bpt6k683992m_4.jpg,1
bpt6k684109z_1.jpg,0
bpt6k684175v_4.jpg,3
bpt6k684198p_2.jpg,2
bpt6k683916c_1.jpg,2
bpt6k684028z_5.jpg,1
bpt6k684028z_2.jpg,1
bpt6k684050z_2.jpg,0
bpt6k6842030_1.jpg,4
bpt6k684208w_4.jpg,3
bpt6k6842106_2.jpg,2
bpt6k6841911_2.jpg,1
bpt6k6839404_3.jpg,0
bpt6k683912v_4.jpg,0
bpt6k684151n_1.jpg,0
bpt6k684195j_1.jpg,4
bpt6k684018m_4.jpg,0
bpt6k683997h_5.jpg,0
bpt6k683917r_2.jpg,1
bpt6k6841165_2.jpg,0
bpt6k683992m_2.jpg,1
bpt6k6840007_6.jpg,2
bpt6k683911g_2.jpg,0
bpt6k684205r_2.jpg,1
bpt6k6841644_4.jpg,2
bpt6k684085w_2.jpg,0
bpt6k6841419_1.jpg,0
bpt6k6842187_1.jpg,7
bpt6k684162c_2.jpg,0
bpt6k684012b_1.jpg,5
bpt6k684024f_3.jpg,0
bpt6k684153d_1.jpg,4
bpt6k6839739_4.jpg,3
bpt6k684221x_3.jpg,0
bpt6k684007w_1.jpg,4
bpt6k6840321_2.jpg,0
bpt6k684039p_1.jpg,2
bpt6k684048n_2.jpg,1
bpt6k6840868_2.jpg,0
bpt6k683977t_4.jpg,1
bpt6k6841691_4.jpg,1
bpt6k683972x_2.jpg,0
bpt6k684193s_3.jpg,0
bpt6k6839574_1.jpg,4
bpt6k684223p_1.jpg,4
bpt6k684045h_3.jpg,0
bpt6k684162c_1.jpg,5
bpt6k684235s_2.jpg,2
bpt6k6839663_3.jpg,3
bpt6k684220j_1.jpg,6
bpt6k684147k_1.jpg,0
bpt6k684235s_1.jpg,6
bpt6k6841343_2.jpg,0
bpt6k6842318_4.jpg,3
bpt6k6839964_3.jpg,1
bpt6k6841610_3.jpg,0
bpt6k684234d_4.jpg,2
bpt6k6840308_1.jpg,3
bpt6k684175v_2.jpg,1
bpt6k684027k_2.jpg,0
bpt6k6841780_2.jpg,5
bpt6k6839396_3.jpg,0
bpt6k683989x_3.jpg,1
bpt6k6840321_3.jpg,0
bpt6k684025t_5.jpg,0
bpt6k684025t_6.jpg,0
bpt6k6839540_1.jpg,3
bpt6k684188b_4.jpg,4
bpt6k684190n_3.jpg,0
bpt6k684043r_4.jpg,1
bpt6k684140x_1.jpg,0
bpt6k684195j_3.jpg,0
bpt6k684010k_2.jpg,2
bpt6k684188b_2.jpg,5
bpt6k6839828_1.jpg,6
bpt6k683947s_1.jpg,5
bpt6k684036j_1.jpg,2
bpt6k684181p_2.jpg,3
bpt6k684061p_2.jpg,1
bpt6k684051b_2.jpg,0
bpt6k684208w_1.jpg,4
bpt6k6842242_1.jpg,7
bpt6k683903w_6.jpg,1
bpt6k6842229_1.jpg,5
bpt6k684181p_1.jpg,7
bpt6k683958h_1.jpg,4
bpt6k683971j_4.jpg,2
bpt6k684091q_2.jpg,0
bpt6k684211k_3.jpg,0
bpt6k684190n_1.jpg,6
bpt6k684045h_1.jpg,1
bpt6k6840533_4.jpg,0
bpt6k6839396_2.jpg,1
bpt6k6839540_4.jpg,0
bpt6k684225f_1.jpg,6
bpt6k6839828_4.jpg,0
bpt6k683932j_6.jpg,1
bpt6k683971j_2.jpg,0
bpt6k683949j_4.jpg,0
bpt6k684216g_1.jpg,5
bpt6k6840308_3.jpg,2
bpt6k683944n_5.jpg,1
bpt6k6839964_1.jpg,6
bpt6k684192d_3.jpg,0
bpt6k683944n_4.jpg,2
bpt6k683930s_5.jpg,1
bpt6k6840054_1.jpg,3
bpt6k684235s_3.jpg,0
bpt6k684016v_2.jpg,0
bpt6k684171b_3.jpg,0
bpt6k6839485_4.jpg,8
bpt6k6839362_3.jpg,0
bpt6k684230w_5.jpg,1
bpt6k683990v_1.jpg,5
bpt6k6841076_2.jpg,0
bpt6k6839048_4.jpg,3
bpt6k684200v_4.jpg,1
bpt6k683911g_4.jpg,1
bpt6k684055v_1.jpg,2
bpt6k6839438_3.jpg,0
bpt6k683965q_6.jpg,1
bpt6k684230w_1.jpg,7
bpt6k684114d_2.jpg,0
bpt6k684052q_2.jpg,0
bpt6k683955c_2.jpg,0
bpt6k684208w_2.jpg,3
bpt6k683988j_4.jpg,2
bpt6k684126h_2.jpg,0
bpt6k683962k_2.jpg,1
bpt6k6842187_2.jpg,2
bpt6k684228k_4.jpg,2
bpt6k684024f_2.jpg,1
bpt6k683998w_1.jpg,5
bpt6k683994c_4.jpg,1
bpt6k684006h_4.jpg,2
bpt6k683926q_4.jpg,4
bpt6k684031n_2.jpg,1
bpt6k6840219_4.jpg,1
bpt6k683920f_3.jpg,0
bpt6k683932j_5.jpg,0
bpt6k6840088_2.jpg,0
bpt6k684181p_3.jpg,0
bpt6k6842276_3.jpg,0
bpt6k684115s_1.jpg,0
bpt6k684121m_1.jpg,0
bpt6k684087n_1.jpg,0
bpt6k6840779_1.jpg,0
bpt6k684136v_2.jpg,0
bpt6k684093g_1.jpg,0
bpt6k6840745_1.jpg,0
bpt6k6841042_1.jpg,0
bpt6k684025t_1.jpg,4
bpt6k684192d_4.jpg,2
bpt6k6841644_1.jpg,5
bpt6k6842153_3.jpg,0
bpt6k684010k_3.jpg,0
bpt6k684043r_3.jpg,0
bpt6k684170z_2.jpg,1
bpt6k683923k_5.jpg,2
bpt6k6839061_2.jpg,0
bpt6k684145t_1.jpg,0
bpt6k683967g_2.jpg,2
bpt6k684172q_3.jpg,0
bpt6k6841767_3.jpg,0
bpt6k683974p_1.jpg,4
bpt6k683920f_1.jpg,5
bpt6k683946d_4.jpg,4
bpt6k684010k_4.jpg,0
bpt6k6841555_2.jpg,1
bpt6k684172q_4.jpg,2
bpt6k683933x_2.jpg,2
bpt6k683911g_3.jpg,0
bpt6k6842242_2.jpg,1
bpt6k683971j_1.jpg,3
bpt6k684220j_3.jpg,0
bpt6k683916c_3.jpg,1
bpt6k683947s_3.jpg,1
bpt6k684230w_2.jpg,5
bpt6k6840711_1.jpg,0
bpt6k683908s_1.jpg,4
bpt6k6840219_3.jpg,0
bpt6k683977t_3.jpg,1
bpt6k683979k_5.jpg,2
bpt6k684024f_1.jpg,5
bpt6k684004r_4.jpg,1
bpt6k683917r_3.jpg,2
bpt6k684006h_3.jpg,2
bpt6k684195j_4.jpg,3
bpt6k684148z_2.jpg,0
bpt6k684098c_2.jpg,0
bpt6k684028z_1.jpg,4
bpt6k684105f_1.jpg,0
bpt6k683983n_5.jpg,2
bpt6k6839438_4.jpg,3
bpt6k684015g_2.jpg,3
bpt6k683980h_3.jpg,3
bpt6k684123c_2.jpg,0
bpt6k684198p_1.jpg,6
bpt6k684148z_1.jpg,0
bpt6k6839752_1.jpg,3
bpt6k6840143_6.jpg,1
bpt6k6841911_1.jpg,5
bpt6k684142p_1.jpg,0
bpt6k6842098_4.jpg,2
bpt6k684159p_4.jpg,1
bpt6k6839485_1.jpg,4
bpt6k684057m_1.jpg,1
bpt6k6840007_5.jpg,1
bpt6k684013q_1.jpg,5
bpt6k683912v_3.jpg,0
bpt6k6840533_2.jpg,0
bpt6k684207h_3.jpg,1
bpt6k684234d_1.jpg,6
bpt6k6841466_2.jpg,0
bpt6k684096m_2.jpg,0
bpt6k6841809_3.jpg,0
bpt6k683956r_4.jpg,2
bpt6k684162c_3.jpg,1
bpt6k683935p_3.jpg,0
bpt6k6841432_1.jpg,0
bpt6k6841207_1.jpg,0
bpt6k683995r_3.jpg,0
bpt6k684219m_1.jpg,5
bpt6k683988j_3.jpg,0
bpt6k6839828_3.jpg,3
bpt6k6840007_3.jpg,0
bpt6k6839998_2.jpg,2
bpt6k684081c_1.jpg,0
bpt6k6840491_1.jpg,1
bpt6k684136v_1.jpg,0
bpt6k6839184_1.jpg,3
bpt6k684037x_2.jpg,1
bpt6k6841780_3.jpg,1
bpt6k6842064_1.jpg,3
bpt6k6840190_3.jpg,0
bpt6k6842064_3.jpg,1
bpt6k683976f_3.jpg,0
bpt6k684003c_2.jpg,0
bpt6k684221x_1.jpg,8
bpt6k683997h_1.jpg,4
bpt6k684200v_1.jpg,4
bpt6k684036j_3.jpg,0
bpt6k684157x_4.jpg,2
bpt6k6839663_4.jpg,3
bpt6k6842153_4.jpg,2
bpt6k684027k_3.jpg,0
bpt6k683985d_4.jpg,4
bpt6k6841390_2.jpg,0
bpt6k683903w_3.jpg,0
bpt6k6839451_3.jpg,0
bpt6k6839574_4.jpg,0
bpt6k684200v_2.jpg,2
bpt6k684020x_2.jpg,2
bpt6k684064t_1.jpg,0
bpt6k683994c_1.jpg,4
bpt6k683916c_4.jpg,1
bpt6k683919h_3.jpg,0
bpt6k684202m_3.jpg,0
bpt6k684040m_3.jpg,1
bpt6k683916c_6.jpg,2
bpt6k6840308_4.jpg,0
bpt6k684118x_2.jpg,0
bpt6k6841555_3.jpg,1
bpt6k6841992_3.jpg,1
bpt6k684099r_1.jpg,0
bpt6k684031n_4.jpg,2
bpt6k683956r_3.jpg,0
bpt6k683908s_5.jpg,1
bpt6k683929v_2.jpg,1
bpt6k6839964_2.jpg,1
bpt6k6840389_4.jpg,1
bpt6k683946d_3.jpg,2
bpt6k6839875_3.jpg,2
bpt6k6842017_3.jpg,1
bpt6k6840219_5.jpg,7
bpt6k683965q_1.jpg,4
bpt6k6841165_1.jpg,0
bpt6k684011z_1.jpg,3
bpt6k6840478_1.jpg,1
bpt6k684172q_1.jpg,8
bpt6k6840020_4.jpg,6
bpt6k684094v_1.jpg,0
bpt6k683942w_4.jpg,3
bpt6k683944n_6.jpg,0
bpt6k684175v_1.jpg,7
bpt6k6840219_6.jpg,4
bpt6k684068b_1.jpg,0
bpt6k684179c_3.jpg,0
bpt6k6839362_2.jpg,1
bpt6k684034s_4.jpg,2
bpt6k683959w_4.jpg,1
bpt6k6840478_2.jpg,0
bpt6k6841029_1.jpg,0
bpt6k683925b_4.jpg,1
bpt6k684020x_4.jpg,2
bpt6k684229z_1.jpg,6
bpt6k684156j_2.jpg,1
bpt6k684112n_1.jpg,0
bpt6k683947s_4.jpg,2
bpt6k6840266_3.jpg,0
bpt6k6839786_3.jpg,4
bpt6k6839103_3.jpg,0
bpt6k683965q_2.jpg,1
bpt6k6839964_4.jpg,3
bpt6k6840266_4.jpg,0
bpt6k683979k_6.jpg,0
bpt6k684214q_1.jpg,5
